gold_row,bidirectional_duration_ms,bidirectional_packets,bidirectional_bytes,src2dst_duration_ms,src2dst_packets,src2dst_bytes,dst2src_duration_ms,dst2src_packets,dst2src_bytes,bidirectional_min_ps,bidirectional_mean_ps,bidirectional_stddev_ps,bidirectional_max_ps,src2dst_min_ps,src2dst_mean_ps,src2dst_stddev_ps,src2dst_max_ps,dst2src_min_ps,dst2src_mean_ps,dst2src_stddev_ps,dst2src_max_ps,bidirectional_min_piat_ms,bidirectional_mean_piat_ms,bidirectional_stddev_piat_ms,bidirectional_max_piat_ms,src2dst_min_piat_ms,src2dst_mean_piat_ms,src2dst_stddev_piat_ms,src2dst_max_piat_ms,dst2src_min_piat_ms,dst2src_mean_piat_ms,dst2src_stddev_piat_ms,dst2src_max_piat_ms,bidirectional_syn_packets,bidirectional_cwr_packets,bidirectional_ece_packets,bidirectional_urg_packets,bidirectional_ack_packets,bidirectional_psh_packets,bidirectional_rst_packets,bidirectional_fin_packets,src2dst_syn_packets,src2dst_cwr_packets,src2dst_ece_packets,src2dst_urg_packets,src2dst_ack_packets,src2dst_psh_packets,src2dst_rst_packets,src2dst_fin_packets,dst2src_syn_packets,dst2src_cwr_packets,dst2src_ece_packets,dst2src_urg_packets,dst2src_ack_packets,dst2src_psh_packets,dst2src_rst_packets,dst2src_fin_packets,udps.srcdst_packet_size_variation,udps.srcdst_udp_packet_count,udps.udp_packet_count,udps.srcdst_tcp_packet_count,udps.tcp_packet_count,udps.srcdst_ack_packet_count,udps.ack_packet_count,udps.srcdst_fin_packet_count,udps.fin_packet_count,udps.srcdst_rst_packet_count,udps.rst_packet_count,udps.srcdst_psh_packet_count,udps.psh_packet_count,udps.srcdst_syn_packet_count,udps.syn_packet_count,udps.srcdst_unique_ports_count,udps.srcdst_icmp_packet_count,udps.icmp_packet_count,udps.srcdst_http_ports_count,udps.http_ports_count,udps.srcdst_bidirectional_duration_avg,udps.bidirectional_duration_avg,udps.srcdst_dns_port_count,udps.dns_port_count,udps.srcdst_dns_port_src_count,udps.dns_port_src_count,udps.srcdst_vul_ports_count,udps.src2dst_packet_count,udps.bidirectional_packet_count,udps.srcdst_src2dst_packet_count,udps.srcdst_bidirectional_packet_count,label,label_simplified,label_numeric,split_index
1,136,9,862,136,5,494,134,4,368,60,95.77777777777776,69.62359114872231,248,60,98.8,83.4457907865939,248,60,92.0,60.06662967072483,182,0,17.0,46.06517122512409,131,1,34.0,66.0,133,1,44.66666666666667,74.76853170507853,131,2,0,0,0,8,2,0,2,1,0,0,0,4,1,0,1,1,0,0,0,4,1,0,1,93.45765529550448,0,0,1,1,8,8,2,2,0,0,2,2,2,2,1,0,0,1,1,136.0,136.0,0,0,0,0,1,5,9,5,9,Bot,BOT,1,14912
2,80,9,862,80,5,494,79,4,368,60,95.77777777777776,69.62359114872231,248,60,98.8,83.4457907865939,248,60,92.0,60.06662967072483,182,0,10.0,27.07661088731116,77,0,20.0,38.66954012311671,78,0,26.333333333333336,43.89001405027496,77,2,0,0,0,8,2,0,2,1,0,0,0,4,1,0,1,1,0,0,0,4,1,0,1,93.45765529550448,0,0,12,12,98,98,24,24,0,0,25,25,24,24,1,0,0,12,12,96.0,96.0,0,0,0,0,12,61,110,61,110,Bot,BOT,1,14923
3,0,2,140,0,1,74,0,1,66,66,70.0,5.656854249492381,74,74,74.0,0.0,74,66,66.0,0.0,66,0,0.0,0.0,0,0,0.0,0.0,0,0,0.0,0.0,0,0,0,0,0,2,1,0,0,0,0,0,0,1,1,0,0,0,0,0,0,1,0,0,0,4.618802153517006,0,0,350,350,685,796,0,12,20,20,487,518,247,252,1,0,0,350,348,984.6142857142858,976.5971428571428,0,0,0,0,350,794,1028,734,916,DoS Hulk,DOS,3,34631
4,3003,3,222,3003,3,222,0,0,0,74,74.0,0.0,74,74,74.0,0.0,74,0,0.0,0.0,0,999,1501.5,710.6423150924803,2004,999,1501.5,710.6423150924803,2004,0,0.0,0.0,0,3,0,0,0,0,0,0,0,3,0,0,0,0,0,0,0,0,0,0,0,0,0,0,0,42.72391992003231,0,0,349,349,327,1560,106,164,8,8,246,874,774,844,2,1,1,349,330,2297.828571428572,2310.397142857143,0,0,0,0,349,1661,2353,1040,1085,DoS Hulk,DOS,3,44922
5,3004,3,222,3004,3,222,0,0,0,74,74.0,0.0,74,74,74.0,0.0,74,0,0.0,0.0,0,1000,1502.0,709.9352083112938,2004,1000,1502.0,709.9352083112938,2004,0,0.0,0.0,0,3,0,0,0,0,0,0,0,3,0,0,0,0,0,0,0,0,0,0,0,0,0,0,0,42.72391992003231,0,0,350,350,454,622,0,8,0,0,128,226,950,954,2,0,0,350,348,2124.94,2133.16,0,0,0,0,350,1156,1464,1078,1294,DoS Hulk,DOS,3,45384
6,0,1,74,0,1,74,0,0,0,74,74.0,0.0,74,74,74.0,0.0,74,0,0.0,0.0,0,0,0.0,0.0,0,0,0.0,0.0,0,0,0.0,0.0,0,1,0,0,0,0,0,0,0,1,0,0,0,0,0,0,0,0,0,0,0,0,0,0,0,42.72391992003231,0,0,350,350,16,16,0,0,0,0,12,12,352,352,2,0,0,350,350,18.30857142857143,18.30857142857143,0,0,0,0,350,364,366,364,366,DoS Hulk,DOS,3,48793
7,2718,5,330,2718,3,198,2681,2,132,66,66.0,0.0,66,66,66.0,0.0,66,66,66.0,0.0,66,0,679.5,1308.4562150361269,2642,39,1359.0,1866.7619023324853,2679,2681,2681.0,0.0,2681,0,0,0,0,5,0,0,2,0,0,0,0,3,0,0,1,0,0,0,0,2,0,0,1,0.0,0,0,243,350,649,984,44,71,0,9,50,104,66,114,1,0,0,243,350,214.1604938271605,235.93142857142857,0,0,0,0,243,561,1038,364,679,BENIGN,BENIGN,0,50581
8,233,3,260,233,2,160,0,1,100,60,86.66666666666667,23.09401076758504,100,60,80.0,28.284271247461906,100,100,100.0,0.0,100,39,116.5,109.60155108391488,194,233,233.0,0.0,233,0,0.0,0.0,0,0,0,0,0,3,2,0,0,0,0,0,0,2,1,0,0,0,0,0,0,1,1,0,0,20.0,0,0,4,21,42,251,0,10,0,4,25,134,2,16,1,0,0,4,21,272.5,629.2380952380952,0,0,0,0,4,135,259,21,43,BENIGN,BENIGN,0,59298
9,557,12,2202,557,6,1842,556,6,360,60,183.50000000000003,333.3792544126392,1231,60,307.0,455.9675427045219,1231,60,60.0,0.0,60,0,50.63636363636364,158.46783441902193,528,1,111.4,233.06715770352545,528,0,111.2,233.2074184068766,528,0,0,0,0,12,6,0,0,0,0,0,0,6,6,0,0,0,0,0,0,6,0,0,0,585.5,0,0,103,135,12697,18800,0,0,17,44,6347,6546,25,59,1,0,0,0,0,2670.883495145631,2174.7703703703705,0,0,0,0,0,10415,18849,6370,12717,Infiltration,OTHERS,5,69601
10,740,14,2316,740,7,1896,739,7,420,60,165.42857142857144,211.38543516004643,751,60,270.8571428571429,266.23199693214224,751,60,60.0,0.0,60,0,56.92307692307692,196.32433264815543,710,0,123.33333333333331,287.55080710487783,710,0,123.16666666666669,287.6361706508183,710,0,0,0,0,14,7,0,0,0,0,0,0,7,7,0,0,0,0,0,0,7,0,0,0,345.5,0,0,112,144,12850,18953,0,0,17,44,6426,6625,25,59,1,0,0,0,0,2536.6964285714284,2101.409722222222,0,0,0,0,0,10494,19002,6449,12870,Infiltration,OTHERS,5,69610
11,13791,55,8399,13791,22,3468,13791,33,4931,66,152.70909090909092,188.07117178495395,1042,66,157.63636363636363,137.9408242532681,706,66,149.42424242424244,217.19447367264988,1042,0,255.38888888888897,702.4129682654083,2435,0,656.7142857142858,1051.717839672654,2502,0,430.96875000000006,874.9334899837595,2435,2,0,0,0,54,31,0,2,1,0,0,0,21,16,0,1,1,0,0,0,33,15,0,1,486.2482219333386,0,0,350,350,18792,18745,703,782,5,25,10790,10615,700,786,3,0,0,0,0,12444.931428571428,10703.282857142856,0,0,0,0,350,7984,19159,7678,19147,SSH-Patator,SSHPATATOR,7,75384
12,11669,52,8201,11669,20,3336,11669,32,4865,66,157.71153846153845,192.31126082661925,1042,66,166.80000000000004,141.62723496633876,706,66,152.03125,220.1445982830963,1042,0,228.80392156862743,618.8779530604671,2272,0,614.1578947368421,937.5660725254926,2316,0,376.4193548387096,762.2557214913094,2272,2,0,0,0,51,31,0,2,1,0,0,0,19,16,0,1,1,0,0,0,32,15,0,1,486.2482219333386,0,0,350,350,18812,18789,702,768,5,23,10790,10656,700,772,3,0,0,0,0,12254.46,10853.214285714286,0,0,0,0,350,7957,19194,7695,19167,SSH-Patator,SSHPATATOR,7,75454
13,12002,55,8399,12002,22,3468,12002,33,4931,66,152.70909090909092,188.07117178495395,1042,66,157.63636363636363,137.9408242532681,706,66,149.42424242424244,217.19447367264988,1042,0,222.25925925925927,612.7903142611436,2331,0,571.5238095238096,923.8388722633194,2401,0,375.06250000000006,763.5009321455323,2331,2,0,0,0,54,31,0,2,1,0,0,0,21,16,0,1,1,0,0,0,33,15,0,1,486.2482219333386,0,0,350,350,18822,18720,701,776,2,22,10820,10634,700,776,3,0,0,0,0,12018.134285714286,10660.108571428573,0,0,0,0,350,7902,19128,7671,19174,SSH-Patator,SSHPATATOR,7,76290
14,11203,55,8399,11202,22,3468,11203,33,4931,66,152.70909090909092,188.07117178495395,1042,66,157.63636363636363,137.9408242532681,706,66,149.42424242424244,217.19447367264988,1042,0,207.46296296296296,571.5912483638544,2080,0,533.4285714285713,857.2611370771787,2126,0,350.09374999999994,712.1266813441679,2080,2,0,0,0,54,31,0,2,1,0,0,0,21,16,0,1,1,0,0,0,33,15,0,1,486.2482219333386,0,0,350,350,18851,18500,703,759,0,30,10850,10502,700,760,3,0,0,0,0,12050.102857142858,11010.0,0,0,0,0,350,7765,18908,7679,19201,SSH-Patator,SSHPATATOR,7,76495
15,13537,55,8399,13537,22,3468,13537,33,4931,66,152.70909090909092,188.07117178495395,1042,66,157.63636363636363,137.9408242532681,706,66,149.42424242424244,217.19447367264988,1042,0,250.6851851851852,698.1761367230963,2601,0,644.6190476190477,1048.9724722884998,2662,0,423.03125000000006,870.753529231639,2601,2,0,0,0,54,31,0,2,1,0,0,0,21,16,0,1,1,0,0,0,33,15,0,1,486.2482219333386,0,0,350,350,18883,18664,704,782,0,32,10850,10538,700,784,3,0,0,0,0,12468.15142857143,10973.225714285714,0,0,0,0,350,7930,19086,7713,19233,SSH-Patator,SSHPATATOR,7,76642
16,119811,31,5519,119811,15,2302,119772,16,3217,66,178.03225806451613,246.51497369949865,1042,66,153.46666666666664,169.6643184419781,706,66,201.06250000000009,305.78281372023946,1042,0,3993.7,21030.687419118985,115307,0,8557.928571428572,30746.091837861244,115346,0,7984.800000000001,29709.392562910856,115344,2,0,0,0,30,15,0,1,1,0,0,0,14,8,0,0,1,0,0,0,16,7,0,1,486.2482219333386,0,0,350,350,18719,18372,706,764,0,32,10638,10308,700,760,3,0,0,0,0,13298.948571428573,11893.677142857145,0,0,0,0,350,7808,18782,7698,19069,SSH-Patator,SSHPATATOR,7,76920
17,5473,16,5149,5473,10,1035,5450,6,4114,66,321.81250000000006,588.4051006746968,2070,66,103.5,72.21764942788494,276,66,685.6666666666667,880.3893835494989,2070,0,364.8666666666667,1372.5237893679484,5326,0,608.111111111111,1769.33380432046,5326,0,1090.0,2406.0439522169995,5394,2,0,0,0,15,5,0,2,1,0,0,0,9,3,0,1,1,0,0,0,6,2,0,1,972.0540108450764,0,0,6,24,386,833,12,50,0,3,44,145,12,48,1,0,0,6,24,79331.33333333333,34558.041666666664,0,0,0,0,6,405,857,166,392,BENIGN,BENIGN,0,79793
18,0,2,270,0,1,105,0,1,165,105,135.0,42.42640687119285,165,105,105.0,0.0,105,165,165.0,0.0,165,0,0.0,0.0,0,0,0.0,0.0,0,0,0.0,0.0,0,0,0,0,0,0,0,0,0,0,0,0,0,0,0,0,0,0,0,0,0,0,0,0,0,34.64101615137755,350,350,0,0,0,0,0,0,0,0,0,0,0,0,2,0,0,0,0,2874.0685714285714,2874.0685714285714,350,350,0,0,350,371,742,371,742,BENIGN,BENIGN,0,81416
19,8809,28,2162,8809,11,856,8809,17,1306,60,77.21428571428572,12.532497439197508,100,66,77.81818181818181,8.772892132223921,89,60,76.82352941176471,14.714938388070331,100,0,326.2592592592593,927.17824991881,3146,0,880.9,1421.575608650877,3188,0,550.5625,1165.4902241117254,3146,2,0,0,0,25,14,2,2,1,0,0,0,10,7,0,1,1,0,0,0,15,7,2,1,18.89223826513594,0,0,350,350,8751,9799,701,749,701,653,4900,5458,700,748,1,0,0,0,0,9100.98,8554.6,0,0,0,0,350,4445,10826,3851,9802,FTP-Patator,FTPPATATOR,4,87567
20,8656,28,2165,8656,11,859,8656,17,1306,60,77.32142857142857,12.64926749871186,100,66,78.09090909090911,9.191893661858208,92,60,76.82352941176471,14.714938388070331,100,0,320.5925925925925,912.5818513030134,3049,0,865.6,1401.839917949106,3092,0,541.0,1147.3238426878438,3049,2,0,0,0,25,14,2,2,1,0,0,0,10,7,0,1,1,0,0,0,15,7,2,1,19.485036994233976,0,0,350,350,8751,9499,701,733,701,669,4900,5316,700,732,1,0,0,0,0,8989.04,8612.514285714286,0,0,0,0,350,4271,10534,3851,9802,FTP-Patator,FTPPATATOR,4,87688
21,10343,28,2163,10343,11,857,10343,17,1306,60,77.25,12.592252174047928,100,66,77.9090909090909,8.99393735195599,92,60,76.82352941176471,14.714938388070331,100,0,383.0740740740741,1077.521262539664,3681,0,1034.3,1644.5804632185077,3724,0,646.4375000000001,1353.1112281824187,3681,2,0,0,0,25,14,2,2,1,0,0,0,10,7,0,1,1,0,0,0,15,7,2,1,19.485036994233976,0,0,350,350,8750,9576,700,734,700,666,4900,5354,700,734,1,0,0,0,0,8889.68,8494.665714285715,0,0,0,0,350,4306,10609,3850,9800,FTP-Patator,FTPPATATOR,4,88635
22,9502,28,2156,9502,11,850,9502,17,1306,60,76.99999999999999,12.382783747337804,100,66,77.27272727272728,8.210857556807438,90,60,76.82352941176471,14.714938388070331,100,0,351.925925925926,1004.2011722269568,3506,0,950.2,1539.9249476661012,3551,0,593.8749999999999,1262.7991592754038,3506,2,0,0,0,25,14,2,2,1,0,0,0,10,7,0,1,1,0,0,0,15,7,2,1,19.078784028338912,0,0,350,350,8751,9738,701,741,701,661,4900,5456,700,740,1,0,0,0,0,9076.171428571428,8639.42857142857,0,0,0,0,350,4400,10769,3851,9802,FTP-Patator,FTPPATATOR,4,88748
23,9140,28,2176,9140,11,870,9140,17,1306,60,77.71428571428572,13.074875944053195,100,66,79.0909090909091,10.56839198227001,95,60,76.82352941176471,14.714938388070331,100,0,338.51851851851853,960.9551486520052,3221,0,914.0,1473.2367992507743,3263,0,571.25,1207.8189985810511,3221,2,0,0,0,25,14,2,2,1,0,0,0,10,7,0,1,1,0,0,0,15,7,2,1,20.17217555611359,0,0,350,350,8750,9664,700,732,700,660,4900,5424,700,732,1,0,0,0,0,8922.682857142858,8454.468571428572,0,0,0,0,350,4358,10690,3850,9800,FTP-Patator,FTPPATATOR,4,89095
24,9042,28,2159,9042,11,853,9042,17,1306,60,77.10714285714285,12.488036603127735,100,66,77.54545454545453,8.618162639027375,90,60,76.82352941176471,14.714938388070331,100,0,334.88888888888897,952.661184962069,3320,0,904.2,1462.0879134534514,3365,0,565.125,1197.6324352655115,3320,2,0,0,0,25,14,2,2,1,0,0,0,10,7,0,1,1,0,0,0,15,7,2,1,19.078784028338912,0,0,350,350,8750,9685,700,736,700,656,4900,5426,700,736,1,0,0,0,0,8937.671428571428,8429.07142857143,0,0,0,0,350,4379,10709,3850,9800,FTP-Patator,FTPPATATOR,4,89142
25,9053,28,2163,9053,11,857,9053,17,1306,60,77.25,12.656794398442456,100,66,77.90909090909092,9.235307742079256,95,60,76.82352941176471,14.714938388070331,100,0,335.2962962962963,949.1973862493924,3111,0,905.3,1454.3643170356822,3154,0,565.8125,1192.7188670568323,3111,2,0,0,0,25,14,2,2,1,0,0,0,10,7,0,1,1,0,0,0,15,7,2,1,20.17217555611359,0,0,350,350,8751,9371,701,731,701,671,4900,5222,700,730,1,0,0,0,0,8915.402857142857,8559.037142857143,0,0,0,0,350,4205,10407,3851,9802,FTP-Patator,FTPPATATOR,4,89404
26,93,3,260,93,2,160,0,1,100,60,86.66666666666667,23.09401076758504,100,60,80.0,28.284271247461906,100,100,100.0,0.0,100,37,46.5,13.435028842544405,56,93,93.0,0.0,93,0,0.0,0.0,0,0,0,0,0,3,2,0,0,0,0,0,0,2,1,0,0,0,0,0,0,1,1,0,0,20.0,0,0,106,350,1002,3228,44,98,8,14,448,1456,48,112,2,0,0,106,350,455.745283018868,440.8371428571429,0,0,0,0,106,1577,3291,498,1026,BENIGN,BENIGN,0,90031
27,1,3,214,1,2,140,0,1,74,66,71.33333333333333,4.618802153517004,74,66,70.0,5.656854249492381,74,74,74.0,0.0,74,0,0.5,0.7071067811865476,1,1,1.0,0.0,1,0,0.0,0.0,0,2,0,0,0,2,0,0,0,1,0,0,0,1,0,0,0,1,0,0,0,1,0,0,0,4.0,0,1,350,349,3325,4074,298,334,0,0,1700,2124,318,354,1,0,0,350,337,876.7857142857143,896.1971428571428,0,0,0,0,350,2663,4253,2300,3484,Web Attack  Brute Force,WEBATTACK,8,99644
28,4874,24,20005,4874,16,4928,4871,8,15077,66,833.5416666666667,788.3629146179616,1935,66,307.99999999999994,260.59316951908005,651,1836,1884.625,51.99433348246436,1935,0,211.91304347826087,389.7965568488584,1037,3,324.9333333333333,446.5639398573875,1037,251,695.8571428571429,412.8645575211595,1041,0,0,0,0,24,16,0,0,0,0,0,0,16,8,0,0,0,0,0,0,8,8,0,0,914.2833258897376,0,4,350,346,2920,7204,308,542,0,0,1410,3752,320,548,1,0,0,350,271,866.8371428571429,861.6542857142857,0,0,0,0,350,4073,7486,2031,3080,Web Attack  XSS,WEBATTACK,8,99971
29,1,3,214,1,2,140,0,1,74,66,71.33333333333333,4.618802153517004,74,66,70.0,5.656854249492381,74,74,74.0,0.0,74,0,0.5,0.7071067811865476,1,1,1.0,0.0,1,0,0.0,0.0,0,2,0,0,0,2,0,0,0,1,0,0,0,1,0,0,0,1,0,0,0,1,0,0,0,4.0,0,4,350,346,2811,7101,308,534,0,0,1338,3700,320,548,1,0,0,350,272,828.5257142857142,840.98,0,0,0,0,350,4007,7383,1961,2971,Web Attack  XSS,WEBATTACK,8,99992
30,1,3,214,1,2,140,0,1,74,66,71.33333333333333,4.618802153517004,74,66,70.0,5.656854249492381,74,74,74.0,0.0,74,0,0.5,0.7071067811865476,1,1,1.0,0.0,1,0,0.0,0.0,0,2,0,0,0,2,0,0,0,1,0,0,0,1,0,0,0,1,0,0,0,1,0,0,0,4.0,0,2,350,348,2282,5706,306,476,0,0,991,2887,316,498,1,0,0,350,290,808.0085714285714,808.9714285714285,0,0,0,0,350,3246,5959,1612,2440,Web Attack  XSS,WEBATTACK,8,100126
31,2,3,198,2,2,132,0,1,66,66,66.0,0.0,66,66,66.0,0.0,66,66,66.0,0.0,66,1,1.0,0.0,1,2,2.0,0.0,2,0,0.0,0.0,0,0,0,0,0,3,0,0,2,0,0,0,0,2,0,0,1,0,0,0,0,1,0,0,1,0.0,0,1,350,349,1986,3396,302,376,0,0,808,1598,302,372,1,0,0,350,326,734.5028571428571,740.4971428571429,0,0,0,0,350,2098,3584,1409,2137,Web Attack  XSS,WEBATTACK,8,100626
32,0,2,134,0,1,74,0,1,60,60,67.0,9.899494936611664,74,74,74.0,0.0,74,60,60.0,0.0,60,0,0.0,0.0,0,0,0.0,0.0,0,0,0.0,0.0,0,1,0,0,0,1,0,1,0,1,0,0,0,0,0,0,0,0,0,0,0,1,0,1,0,8.082903768654761,0,0,350,350,353,353,0,0,353,353,0,0,353,353,350,0,0,0,0,315.7,315.7,0,0,0,0,0,353,706,353,706,PortScan,PORTSCAN,6,109465
33,1,4,576,0,2,154,0,2,422,77,144.0,77.36493607140984,211,77,77.0,0.0,77,211,211.0,0.0,211,0,0.3333333333333333,0.5773502691896258,1,0,0.0,0.0,0,0,0.0,0.0,0,0,0,0,0,0,0,0,0,0,0,0,0,0,0,0,0,0,0,0,0,0,0,0,0,77.36493607140984,350,347,0,3,0,87,0,8,0,2,0,48,0,12,5,0,0,0,0,41.40857142857143,232.0342857142857,350,347,0,0,350,763,1501,702,1404,BENIGN,BENIGN,0,121022
34,1060,6,374,1060,3,194,1060,3,180,60,62.33333333333333,2.9439202887759484,66,62,64.66666666666667,2.309401076758505,66,60,60.0,0.0,60,0,212.0,290.2938166754504,531,529,530.0,1.4142135623730951,531,529,530.0,1.4142135623730951,531,3,0,0,0,3,0,3,0,3,0,0,0,0,0,0,0,0,0,0,0,3,0,3,0,2.8284271247461903,0,0,307,350,2766,1290,440,96,261,906,456,96,701,1002,1,0,0,307,350,359.8045602605863,884.4057142857143,0,0,0,0,307,1146,2244,1609,3247,Bot,BOT,1,121495
35,79323,26,24772,79323,16,1000,71831,10,23772,60,952.7692307692308,2096.970449151677,8814,60,62.50000000000001,4.926120853842978,74,60,2377.2000000000003,2924.2371008901146,8814,0,3172.92,12509.344813378517,62228,0,5288.2,16008.540766014336,62228,0,7981.222222222223,23669.174319026097,71097,4,0,0,0,24,4,2,2,2,0,0,0,14,2,2,0,2,0,0,0,10,2,0,2,4374.6716448209,0,0,350,350,8738,8738,899,899,700,700,1432,1432,1400,1400,350,0,0,350,350,78462.26857142858,78462.26857142858,0,0,0,0,350,5655,9438,5655,9438,DDoS,DDOS,2,142096
36,89421,39,37161,89421,24,1500,79427,15,35661,60,952.8461538461538,2222.610574343195,8814,60,62.5,4.872281850917762,74,60,2377.4,3142.4952960528494,8814,0,2353.184210526316,10912.519583847356,66825,0,3887.869565217391,13929.857590162705,66825,0,5673.357142857142,18696.17662932572,70270,6,0,0,0,36,6,3,4,3,0,0,0,21,3,3,0,3,0,0,0,15,3,0,4,4374.6716448209,0,0,350,350,9296,9296,933,933,744,744,1516,1516,1488,1488,350,0,0,350,350,78739.97142857143,78739.97142857143,0,0,0,0,350,6032,10040,6032,10040,DDoS,DDOS,2,143115
37,73740,26,24766,73740,15,940,73492,11,23826,60,952.5384615384614,2206.7140681251703,10189,60,62.66666666666666,5.052109413285654,74,60,2166.0000000000005,3060.4552275764468,10189,0,2949.6000000000004,13427.264998253866,67273,0,5267.142857142857,17880.226043387633,67273,0,7349.200000000002,22482.096327720174,71321,4,0,0,0,24,4,2,2,2,0,0,0,13,2,2,0,2,0,0,0,11,2,0,2,5062.170968731367,0,0,350,350,9144,9144,939,939,725,725,1483,1483,1450,1450,350,0,0,350,350,78943.12,78943.12,0,0,0,0,350,5868,9869,5868,9869,DDoS,DDOS,2,143696
38,74871,26,24772,74871,16,1000,73409,10,23772,60,952.7692307692308,2009.072687738148,7269,60,62.5,4.926120853842977,74,60,2377.2000000000003,2747.476895060064,7269,0,2994.840000000001,13347.001881446384,66808,0,4991.4,17167.13403071612,66808,0,8156.555555555556,24176.088176704223,72623,4,0,0,0,24,4,2,2,2,0,0,0,14,2,2,0,2,0,0,0,10,2,0,2,3602.172712405667,0,0,350,350,9162,9162,937,937,725,725,1480,1480,1450,1450,350,0,0,350,350,79132.48285714285,79132.48285714285,0,0,0,0,350,5881,9887,5881,9887,DDoS,DDOS,2,143976
39,78380,32,26495,78380,18,1126,73513,14,25369,60,827.96875,1644.287501043753,5894,60,62.55555555555556,4.743072003052852,74,60,1812.071428571429,2143.144614966368,5894,0,2528.3870967741937,11570.957694957431,64241,0,4610.588235294118,15519.097477216674,64241,0,5654.846153846153,20013.075891552147,72258,4,0,0,0,30,5,2,4,2,0,0,0,16,2,2,0,2,0,0,0,14,3,0,4,2914.67413844727,0,0,350,350,9378,9378,981,981,736,736,1520,1520,1470,1470,350,0,0,350,350,81244.30571428571,81244.30571428571,0,0,0,0,350,6021,10114,6021,10114,DDoS,DDOS,2,144488
40,0,1,297,0,1,297,0,0,0,297,297.0,0.0,297,297,297.0,0.0,297,0,0.0,0.0,0,0,0.0,0.0,0,0,0.0,0.0,0,0,0.0,0.0,0,0,0,0,0,1,1,0,0,0,0,0,0,1,1,0,0,0,0,0,0,0,0,0,0,171.47302994931886,0,0,350,350,655,720,0,8,4,4,482,507,289,295,1,0,0,350,348,1135.56,1126.8228571428572,0,0,0,0,350,802,979,771,911,DoS Hulk,DOS,3,155065
41,67,9,863,67,5,495,66,4,368,60,95.8888888888889,69.89714665929583,249,60,99.0,83.89278872465738,249,60,92.0,60.06662967072483,182,0,8.375,22.481341469888186,64,0,16.75,32.170120712653016,65,0,22.0,36.38681079732051,64,2,0,0,0,8,2,0,2,1,0,0,0,4,1,0,1,1,0,0,0,4,1,0,1,93.85227754295578,0,0,47,224,580,2494,94,448,0,0,98,464,94,448,1,0,0,47,224,87.7872340425532,91.5,0,0,0,0,47,1357,2718,303,627,Bot,BOT,1,166334
42,114,9,862,114,5,494,114,4,368,60,95.77777777777776,69.62359114872231,248,60,98.8,83.4457907865939,248,60,92.0,60.06662967072483,182,0,14.25,39.09603560464922,111,0,28.5,56.33530568539295,113,1,38.0,63.221831672294975,111,2,0,0,0,8,2,0,2,1,0,0,0,4,1,0,1,1,0,0,0,4,1,0,1,93.45765529550448,0,0,71,279,945,3249,142,558,0,0,148,578,142,558,1,0,0,71,279,101.04225352112675,91.14336917562724,0,0,0,0,71,1738,3528,476,1016,Bot,BOT,1,166389
43,151,9,866,151,5,498,150,4,368,60,96.22222222222224,70.72089114571764,252,60,99.6,85.23379611398286,252,60,92.0,60.06662967072483,182,0,18.875,52.58038064308234,149,0,37.75,74.83481809959854,150,0,50.0,85.73797291748855,149,2,0,0,0,8,2,0,2,1,0,0,0,4,1,0,1,1,0,0,0,4,1,0,1,95.0420959364849,0,0,33,350,345,4199,66,700,0,0,68,729,66,700,1,0,0,33,350,105.54545454545456,96.42857142857144,0,0,0,0,33,2225,4549,196,378,Bot,BOT,1,166485
44,65,9,863,65,5,495,64,4,368,60,95.8888888888889,69.89714665929583,249,60,99.0,83.89278872465738,249,60,92.0,60.06662967072483,182,0,8.125,22.17744993713853,63,0,16.25,31.836823543396,64,0,21.333333333333336,36.08785575970583,63,2,0,0,0,8,2,0,2,1,0,0,0,4,1,0,1,1,0,0,0,4,1,0,1,93.85227754295578,0,0,136,350,1432,4199,272,700,0,0,280,729,272,700,1,0,0,136,350,87.5220588235294,96.75428571428571,0,0,0,0,136,2225,4549,797,1568,Bot,BOT,1,166501
45,71,9,864,71,5,496,70,4,368,60,96.0,70.17121917139534,250,60,99.2,84.33978894922609,250,60,92.0,60.06662967072483,182,0,8.875,23.895232638690565,68,0,17.75,34.16991854443516,69,1,23.333333333333336,38.68246803570493,68,2,0,0,0,8,2,0,2,1,0,0,0,4,1,0,1,1,0,0,0,4,1,0,1,94.24790006502354,0,0,66,350,886,4600,132,700,0,0,141,742,132,700,1,0,0,66,350,109.74242424242424,107.35714285714286,0,0,0,0,66,2351,4950,453,952,Bot,BOT,1,166592
46,95,9,864,95,5,496,95,4,368,60,96.0,70.17121917139534,250,60,99.2,84.33978894922609,250,60,92.0,60.06662967072483,182,0,11.875000000000002,32.78256287375087,93,0,23.75,47.49999999999999,95,1,31.666666666666664,53.116224765445565,93,2,0,0,0,8,2,0,2,1,0,0,0,4,1,0,1,1,0,0,0,4,1,0,1,94.24790006502354,0,0,72,350,936,4449,144,700,0,0,154,744,144,700,1,0,0,72,350,109.68055555555556,107.17714285714284,0,0,0,0,72,2298,4799,484,1008,Bot,BOT,1,166627
47,942,6,374,942,3,194,941,3,180,60,62.33333333333333,2.9439202887759484,66,62,64.66666666666667,2.309401076758505,66,60,60.0,0.0,60,0,188.4,258.20205266418776,497,445,471.0,36.76955262170047,497,444,470.5,37.476659402887016,497,3,0,0,0,3,0,3,0,3,0,0,0,0,0,0,0,0,0,0,0,3,0,3,0,2.8284271247461903,0,0,130,350,1281,4099,234,612,39,132,244,644,273,744,1,0,0,130,350,186.93846153846152,214.5942857142857,0,0,0,0,130,2188,4537,749,1437,Bot,BOT,1,166890
48,1860,7,995,1821,4,789,1860,3,206,66,142.14285714285714,194.43630368446165,583,66,197.25,257.1943169408427,583,66,68.66666666666667,4.618802153517007,74,0,310.0,739.4165267290149,1819,1,607.0,1049.6227893867397,1819,2,930.0,1312.390185882232,1858,2,0,0,0,6,1,0,1,1,0,0,0,3,1,0,1,1,0,0,0,3,0,0,0,257.1943169408427,0,1,127,349,6029,1521,225,415,210,150,3179,371,4,4,111,0,0,0,0,797.6062992125984,486.4142857142857,0,0,0,0,0,950,1649,4369,6241,Heartbleed,OTHERS,5,166923
49,1001,6,374,1001,3,194,1001,3,180,60,62.33333333333333,2.9439202887759484,66,62,64.66666666666667,2.309401076758505,66,60,60.0,0.0,60,0,200.2,274.1353680209834,501,500,500.5,0.7071067811865476,501,500,500.5,0.7071067811865476,501,3,0,0,0,3,0,3,0,3,0,0,0,0,0,0,0,0,0,0,0,3,0,3,0,2.8284271247461903,0,1,134,342,6054,1378,234,422,222,159,3186,307,9,9,117,7,7,1,1,878.6312056737588,320.7142857142857,0,0,0,0,1,896,1570,4415,6330,Heartbleed,OTHERS,5,166937
50,0,5,349,0,3,186,0,2,163,60,69.8,15.498387012847497,97,60,62.0,3.4641016151377544,66,66,81.5,21.920310216782973,97,0,0.0,0.0,0,0,0.0,0.0,0,0,0.0,0.0,0,0,0,0,0,3,1,2,2,0,0,0,0,1,0,2,1,0,0,0,0,2,1,0,1,16.740669042783207,0,0,86,350,5869,1562,145,377,134,79,3122,370,0,0,71,0,0,0,0,1070.8372093023256,826.4828571428571,0,0,0,0,0,927,1606,4231,6003,Heartbleed,OTHERS,5,166951
51,10122,13,12383,10122,8,500,723,5,11883,60,952.5384615384614,2100.8715895783434,7354,60,62.5,5.0990195135927845,74,60,2376.6,3020.209065611187,7354,0,843.5,2699.354619837187,9391,0,1445.9999999999998,3513.3133459267,9391,0,180.75,350.25835702616246,706,2,0,0,0,12,2,1,1,1,0,0,0,7,1,1,0,1,0,0,0,5,1,0,1,3644.6726419071806,0,0,350,350,6520,6653,677,678,526,518,1086,1198,1052,1052,350,0,0,350,346,53301.502857142856,52254.06,0,0,0,0,350,4240,7179,4187,7046,DDoS,DDOS,2,178740
52,11091,11,12269,11091,7,440,910,4,11829,60,1115.3636363636365,2690.433209456324,8814,60,62.85714285714286,5.398412465054624,74,60,2957.25,4125.5126045135285,8814,0,1109.1,3195.9466151152565,10169,0,1848.5,4092.4876908794727,10169,0,303.33333333333337,521.0646153149659,905,2,0,0,0,10,2,1,1,1,0,0,0,6,1,1,0,1,0,0,0,4,1,0,1,4374.6716448209,0,0,350,350,6469,6469,670,670,529,529,1091,1091,1058,1058,350,0,0,350,350,53196.78,53196.78,0,0,0,0,350,4181,6998,4181,6998,DDoS,DDOS,2,179946
53,101711,24,24652,101711,15,940,92341,9,23712,60,1027.1666666666667,2074.002781153363,5894,60,62.66666666666666,5.052109413285654,74,60,2634.6666666666665,2777.666421656856,5894,0,4422.217391304347,18362.11901753796,88150,0,7265.071428571428,23416.85266398568,88150,0,11542.625,32048.481728858857,90849,4,0,0,0,22,4,2,2,2,0,0,0,13,2,2,0,2,0,0,0,9,2,0,2,2914.67413844727,0,0,350,350,6494,6494,640,640,530,530,1081,1081,1060,1060,350,0,0,350,350,54102.61714285714,54102.61714285714,0,0,0,0,350,4203,7024,4203,7024,DDoS,DDOS,2,181581
54,723,2,212,0,1,80,0,1,132,80,106.0,36.76955262170047,132,80,80.0,0.0,80,132,132.0,0.0,132,723,723.0,0.0,723,0,0.0,0.0,0,0,0.0,0.0,0,0,0,0,0,0,0,0,0,0,0,0,0,0,0,0,0,0,0,0,0,0,0,0,0,30.02221399786054,350,350,0,0,0,0,0,0,0,0,0,0,0,0,2,0,0,0,0,123.05714285714286,123.05714285714286,350,350,0,0,350,358,716,358,716,BENIGN,BENIGN,0,188817
55,65,15,12985,65,8,920,54,7,12065,60,865.6666666666666,1876.7282955287087,7306,60,115.0,142.71249820130382,468,66,1723.571428571429,2566.026490974119,7306,0,4.642857142857143,8.335347741877477,30,0,9.285714285714286,14.840420992616592,41,0,9.0,11.8490505948789,30,2,0,0,0,11,2,3,2,1,0,0,0,4,1,3,1,1,0,0,0,7,1,0,1,3559.125173409893,0,0,350,350,4033,4033,504,504,642,642,700,700,700,700,2,0,0,350,350,53.17428571428572,53.17428571428572,0,0,0,0,350,2609,4829,2609,4829,DoS GoldenEye,DOS,3,192963
56,25,2,190,0,1,87,0,1,103,87,95.0,11.31370849898476,103,87,87.0,0.0,87,103,103.0,0.0,103,25,25.0,0.0,25,0,0.0,0.0,0,0,0.0,0.0,0,0,0,0,0,0,0,0,0,0,0,0,0,0,0,0,0,0,0,0,0,0,0,0,0,9.237604307034012,350,350,0,0,0,0,0,0,0,0,0,0,0,0,2,0,0,0,0,8518.42,8518.42,350,350,0,0,350,405,810,405,810,BENIGN,BENIGN,0,208851
57,9731,13,12389,9731,8,500,1522,5,11889,60,953.0,2249.721982823656,7269,60,62.5,5.0990195135927845,74,60,2377.8,3325.680712275308,7269,0,810.9166666666667,2369.8343424395853,8207,0,1390.142857142857,3059.054833799237,8207,0,380.5,760.3334794680555,1521,2,0,0,0,12,2,1,1,1,0,0,0,7,1,1,0,1,0,0,0,5,1,0,1,3602.172712405667,0,0,350,350,4292,4292,466,466,350,350,719,719,700,700,350,0,0,350,350,9727.525714285714,9727.525714285714,0,0,0,0,350,2731,4642,2731,4642,DDoS,DDOS,2,212687
58,8298,13,12383,8298,8,500,897,5,11883,60,952.5384615384614,1729.9117807653572,4434,60,62.5,5.0990195135927845,74,60,2376.6,2204.192096891739,4434,0,691.5,2124.2108053238376,7388,0,1185.4285714285716,2755.477143021565,7388,0,224.25,443.1827125088101,889,2,0,0,0,12,2,1,1,1,0,0,0,7,1,1,0,1,0,0,0,5,1,0,1,2184.676635111018,0,0,350,350,4220,4220,442,442,350,350,719,719,700,700,350,0,0,350,350,7160.577142857143,7160.577142857143,0,0,0,0,350,2702,4570,2702,4570,DDoS,DDOS,2,213806
59,0,2,120,0,1,60,0,1,60,60,60.0,0.0,60,60,60.0,0.0,60,60,60.0,0.0,60,0,0.0,0.0,0,0,0.0,0.0,0,0,0.0,0.0,0,1,0,0,0,1,0,1,0,1,0,0,0,0,0,0,0,0,0,0,0,1,0,1,0,0.0,0,0,350,350,350,350,0,0,350,350,0,0,350,350,350,0,0,0,0,0.0514285714285714,0.0514285714285714,0,0,0,0,0,350,700,350,700,PortScan,PORTSCAN,6,215985
60,0,2,120,0,1,60,0,1,60,60,60.0,0.0,60,60,60.0,0.0,60,60,60.0,0.0,60,0,0.0,0.0,0,0,0.0,0.0,0,0,0.0,0.0,0,1,0,0,0,1,0,1,0,1,0,0,0,0,0,0,0,0,0,0,0,1,0,1,0,0.0,0,0,350,350,417,417,12,12,345,345,13,13,363,363,350,0,0,6,6,66.39142857142858,66.39142857142858,1,1,0,0,19,396,772,396,772,PortScan,PORTSCAN,6,217504
61,0,2,120,0,1,60,0,1,60,60,60.0,0.0,60,60,60.0,0.0,60,60,60.0,0.0,60,0,0.0,0.0,0,0,0.0,0.0,0,0,0.0,0.0,0,1,0,0,0,1,0,1,0,1,0,0,0,0,0,0,0,0,0,0,0,1,0,1,0,0.0,0,0,350,350,350,350,0,0,350,350,0,0,350,350,350,0,0,0,0,0.0514285714285714,0.0514285714285714,0,0,0,0,1,350,700,350,700,PortScan,PORTSCAN,6,218925
62,4994,293,65232,4994,147,56472,4960,146,8760,60,222.63481228668928,233.6843961481649,980,60,384.1632653061224,237.69005490967308,980,60,60.0,0.0,60,0,17.102739726027394,22.05560902299738,204,1,34.2054794520548,28.07795006964305,238,3,34.206896551724135,26.78875607614658,224,0,0,0,0,293,147,0,0,0,0,0,0,147,147,0,0,0,0,0,0,146,0,0,0,460.0,0,0,9,12,1479,1498,0,0,15,18,732,738,21,27,1,0,0,0,0,2883.555555555556,2287.333333333333,0,0,0,0,0,764,1519,751,1497,Infiltration,OTHERS,5,244362
63,1231,110,21831,1215,55,18531,1231,55,3300,60,198.4636363636364,214.49769260634133,732,83,336.9272727272728,231.9829858500527,732,60,60.0,0.0,60,0,11.293577981651376,25.175790381610064,133,0,22.5,38.37243015794562,150,0,22.796296296296298,32.27323187190464,134,0,0,0,0,110,55,0,0,0,0,0,0,55,55,0,0,0,0,0,0,55,0,0,0,332.34357222609253,0,0,35,38,5792,5811,0,0,15,18,2889,2895,23,29,1,0,0,0,0,3255.828571428572,3038.157894736842,0,0,0,0,0,2923,5833,2910,5811,Infiltration,OTHERS,5,244388
64,4864,294,59463,4863,147,50643,4863,147,8820,60,202.25510204081627,212.890555510942,801,60,344.5102040816327,224.0646423161393,801,60,60.0,0.0,60,0,16.60068259385665,70.89023639381395,636,0,33.30821917808218,101.69749361631922,674,0,33.308219178082176,97.91520364270818,636,0,0,0,0,294,147,0,0,0,0,0,0,147,147,0,0,0,0,0,0,147,0,0,0,370.5,0,0,38,41,6665,6684,0,0,15,18,3326,3332,23,29,1,0,0,0,0,3384.815789473684,3173.634146341464,0,0,0,0,0,3360,6706,3347,6684,Infiltration,OTHERS,5,244391
65,2337,16,1315,2337,8,835,2337,8,480,60,82.18749999999999,34.63181340906075,149,60,104.375,38.01104162890417,149,60,60.0,0.0,60,0,155.8,412.1373210819076,1553,0,333.85714285714283,571.8217754310716,1553,0,333.85714285714283,572.2742432818461,1554,0,0,0,0,16,8,0,0,0,0,0,0,8,8,0,0,0,0,0,0,8,0,0,0,44.5,0,0,61,64,11017,11036,0,0,15,18,5503,5509,23,29,1,0,0,0,0,3598.2295081967213,3452.9375,0,0,0,0,0,5537,11058,5524,11036,Infiltration,OTHERS,5,244414
66,4867,278,57754,4851,139,49414,4867,139,8340,60,207.748201438849,217.8454257251891,801,60,355.4964028776978,226.45466558823003,801,60,60.0,0.0,60,0,17.570397111913355,83.37226360058366,888,0,35.152173913043505,118.0453891532791,888,0,35.26811594202898,115.79377212146534,888,0,0,0,0,278,139,0,0,0,0,0,0,139,139,0,0,0,0,0,0,139,0,0,0,370.5,0,0,64,67,11481,11500,0,0,15,18,5735,5741,23,29,1,0,0,0,0,3632.65625,3492.328358208956,0,0,0,0,0,5769,11522,5756,11500,Infiltration,OTHERS,5,244417
67,1,4,420,0,2,182,0,2,238,91,105.0,16.165807537309522,119,91,91.0,0.0,91,119,119.0,0.0,119,0,0.3333333333333333,0.5773502691896258,1,0,0.0,0.0,0,0,0.0,0.0,0,0,0,0,0,0,0,0,0,0,0,0,0,0,0,0,0,0,0,0,0,0,0,0,0,16.165807537309522,84,299,51,51,1113,898,78,46,74,50,572,462,156,100,8,0,0,0,0,279.25925925925924,129.78571428571428,75,278,0,0,83,1157,2184,814,1563,BENIGN,BENIGN,0,246739
68,1,3,198,1,2,132,0,1,66,66,66.0,0.0,66,66,66.0,0.0,66,66,66.0,0.0,66,0,0.5,0.7071067811865476,1,1,1.0,0.0,1,0,0.0,0.0,0,0,0,0,0,3,0,0,2,0,0,0,0,2,0,0,1,0,0,0,0,1,0,0,1,0.0,0,3,50,132,542,38661,42,360,1,1,263,2571,60,372,1,0,0,50,50,1321.0,993.0592592592592,0,0,0,0,50,24004,38861,364,573,Web Attack  Brute Force,WEBATTACK,8,249487
69,1,3,198,1,2,132,0,1,66,66,66.0,0.0,66,66,66.0,0.0,66,66,66.0,0.0,66,0,0.5,0.7071067811865476,1,1,1.0,0.0,1,0,0.0,0.0,0,0,0,0,0,3,0,0,2,0,0,0,0,2,0,0,1,0,0,0,0,1,0,0,1,0.0,0,1,350,349,3320,3915,298,336,0,0,1696,2018,316,352,1,0,0,350,337,830.04,827.7228571428572,0,0,0,0,350,2580,4093,2294,3478,Web Attack  Brute Force,WEBATTACK,8,250158
70,1,3,214,1,2,140,0,1,74,66,71.33333333333333,4.618802153517004,74,66,70.0,5.656854249492381,74,74,74.0,0.0,74,0,0.5,0.7071067811865476,1,1,1.0,0.0,1,0,0.0,0.0,0,2,0,0,0,2,0,0,0,1,0,0,0,1,0,0,0,1,0,0,0,1,0,0,0,4.0,0,1,350,349,3380,4323,296,352,0,0,1736,2262,316,372,1,0,0,350,331,833.5285714285715,838.1628571428571,0,0,0,0,350,2777,4511,2332,3538,Web Attack  Brute Force,WEBATTACK,8,250319
71,1,3,214,1,2,140,0,1,74,66,71.33333333333333,4.618802153517004,74,66,70.0,5.656854249492381,74,74,74.0,0.0,74,0,0.5,0.7071067811865476,1,1,1.0,0.0,1,0,0.0,0.0,0,2,0,0,0,2,0,0,0,1,0,0,0,1,0,0,0,1,0,0,0,1,0,0,0,4.0,0,1,350,349,3288,4241,300,352,0,0,1670,2204,318,374,1,0,0,350,331,867.3971428571429,861.2057142857143,0,0,0,0,350,2730,4430,2272,3447,Web Attack  Brute Force,WEBATTACK,8,251421
72,1,3,198,1,2,132,0,1,66,66,66.0,0.0,66,66,66.0,0.0,66,66,66.0,0.0,66,0,0.5,0.7071067811865476,1,1,1.0,0.0,1,0,0.0,0.0,0,0,0,0,0,3,0,0,2,0,0,0,0,2,0,0,1,0,0,0,0,1,0,0,1,0.0,0,1,350,349,3309,4132,300,346,0,0,1688,2138,316,358,1,0,0,350,334,871.0942857142857,868.5,0,0,0,0,350,2677,4313,2288,3467,Web Attack  Brute Force,WEBATTACK,8,252078
73,0,2,120,0,1,60,0,1,60,60,60.0,0.0,60,60,60.0,0.0,60,60,60.0,0.0,60,0,0.0,0.0,0,0,0.0,0.0,0,0,0.0,0.0,0,1,0,0,0,1,0,1,0,1,0,0,0,0,0,0,0,0,0,0,0,1,0,1,0,0.0,0,0,350,350,350,350,0,0,350,350,0,0,355,355,350,0,0,3,3,0.0457142857142857,0.0457142857142857,1,1,0,0,13,355,705,355,705,PortScan,PORTSCAN,6,267138
74,0,2,120,0,1,60,0,1,60,60,60.0,0.0,60,60,60.0,0.0,60,60,60.0,0.0,60,0,0.0,0.0,0,0,0.0,0.0,0,0,0.0,0.0,0,1,0,0,0,1,0,1,0,1,0,0,0,0,0,0,0,0,0,0,0,1,0,1,0,0.0,0,0,350,350,350,350,0,0,350,350,0,0,350,350,350,0,0,0,0,0.06,0.06,0,0,0,0,1,350,700,350,700,PortScan,PORTSCAN,6,268657
75,0,2,120,0,1,60,0,1,60,60,60.0,0.0,60,60,60.0,0.0,60,60,60.0,0.0,60,0,0.0,0.0,0,0,0.0,0.0,0,0,0.0,0.0,0,1,0,0,0,1,0,1,0,1,0,0,0,0,0,0,0,0,0,0,0,1,0,1,0,0.0,0,0,350,350,350,350,0,0,350,350,0,0,355,355,350,0,0,3,3,0.0657142857142857,0.0657142857142857,1,1,0,0,12,355,705,355,705,PortScan,PORTSCAN,6,270133
76,551,9,1318,551,5,563,551,4,755,60,146.44444444444446,169.03114440178703,549,60,112.6,103.20271314263012,297,66,188.75,240.1962739094843,549,0,68.875,194.40417213336025,550,0,137.75,274.8337376184615,550,0,183.66666666666669,318.1199983234838,551,2,0,0,0,7,2,1,2,1,0,0,0,3,1,1,1,1,0,0,0,4,1,0,1,231.92671256239544,0,4,8,281,47,15385,14,1028,6,22,12,7982,14,1014,1,0,0,8,8,420.125,690.680701754386,0,0,0,0,8,8191,15928,34,60,DoS Hulk,DOS,3,274618
77,0,1,297,0,1,297,0,0,0,297,297.0,0.0,297,297,297.0,0.0,297,0,0.0,0.0,0,0,0.0,0.0,0,0,0.0,0.0,0,0,0.0,0.0,0,0,0,0,0,1,1,0,0,0,0,0,0,1,1,0,0,0,0,0,0,0,0,0,0,171.47302994931886,0,0,350,350,687,687,0,0,36,36,504,504,166,166,1,0,0,350,350,667.5971428571429,667.5971428571429,0,0,0,0,350,670,854,670,854,DoS Hulk,DOS,3,335717
78,11593,63,9187,11593,26,3820,11593,37,5367,66,145.82539682539678,176.86440401933393,1042,66,146.9230769230769,129.37416220464516,706,66,145.05405405405403,205.543175505773,1042,0,186.98387096774195,529.7565321373085,2269,0,463.72,845.9738727249994,2311,0,322.02777777777777,666.7211662247296,2269,2,0,0,0,62,34,0,2,1,0,0,0,25,17,0,1,1,0,0,0,37,17,0,1,486.2482219333386,0,6,350,344,13088,19548,703,1079,396,4,7337,10447,704,1062,3,0,0,1,0,10554.185714285712,5640.211428571429,0,0,0,0,350,9422,20105,5543,13836,SSH-Patator,SSHPATATOR,7,347003
79,15257,75,10407,15257,33,4446,15257,42,5961,66,138.76,163.24106200439988,1042,66,134.72727272727272,117.4540529119985,706,66,141.92857142857142,193.1455148210032,1042,0,206.17567567567568,535.5943915659819,2159,0,476.78125000000006,1085.2390768077994,5015,0,372.12195121951214,678.5823529654286,2159,2,0,0,0,74,39,0,2,1,0,0,0,32,19,0,1,1,0,0,0,42,20,0,1,486.2482219333386,0,6,350,344,16702,18943,709,851,168,14,9385,10375,704,844,3,0,0,1,0,11543.068571428572,9297.677142857145,0,0,0,0,350,8397,19401,6966,17222,SSH-Patator,SSHPATATOR,7,347118
80,12177,55,8399,12177,22,3468,12177,33,4931,66,152.70909090909092,188.07117178495395,1042,66,157.63636363636363,137.9408242532681,706,66,149.42424242424244,217.19447367264988,1042,0,225.5,635.236718616962,2683,0,579.8571428571429,956.8325499121718,2730,0,380.53125,793.1475062898899,2683,2,0,0,0,54,31,0,2,1,0,0,0,21,16,0,1,1,0,0,0,33,15,0,1,486.2482219333386,0,0,350,350,19504,19140,711,774,2,14,11065,10703,705,773,3,0,0,0,0,12764.94,11451.351428571428,0,0,0,0,350,8120,19540,8037,19858,SSH-Patator,SSHPATATOR,7,347308
81,11718,56,8465,11718,22,3468,11718,34,4997,66,151.16071428571428,186.71346806228027,1042,66,157.63636363636363,137.9408242532681,706,66,146.9705882352941,214.3563282769388,1042,0,213.0545454545454,595.2206692629593,2212,0,558.0,902.7432082270128,2270,0,355.09090909090907,738.8754700402989,2212,2,0,0,0,55,31,0,2,1,0,0,0,21,16,0,1,1,0,0,0,34,15,0,1,486.2482219333386,0,0,350,350,19488,19022,712,775,2,14,11065,10641,705,777,3,0,0,0,0,12651.802857142857,11384.402857142855,0,0,0,0,350,8062,19424,8029,19842,SSH-Patator,SSHPATATOR,7,347338
82,1,4,494,0,2,186,0,2,308,93,123.5,35.21836642056717,154,93,93.0,0.0,93,154,154.0,0.0,154,0,0.3333333333333333,0.5773502691896258,1,0,0.0,0.0,0,0,0.0,0.0,0,0,0,0,0,0,0,0,0,0,0,0,0,0,0,0,0,0,0,0,0,0,0,0,0,35.21836642056717,50,322,10,27,546,1447,8,50,8,44,356,900,32,100,5,0,1,0,0,33077.0,18600.72857142857,45,287,0,0,45,1768,3337,515,906,BENIGN,BENIGN,0,356434
83,9187,28,2158,9187,11,852,9187,17,1306,60,77.07142857142858,12.454148710603231,100,66,77.45454545454545,8.489565788232474,90,60,76.82352941176471,14.714938388070331,100,0,340.2592592592593,964.0207703073858,3092,0,918.7,1478.5495182028155,3139,0,574.1874999999999,1211.4380005459077,3092,2,0,0,0,25,14,2,2,1,0,0,0,10,7,0,1,1,0,0,0,15,7,2,1,19.078784028338912,0,0,350,350,8751,9420,701,729,701,665,4900,5228,700,728,1,0,0,0,0,9160.351428571428,8727.302857142857,0,0,0,0,350,4256,10449,3851,9802,FTP-Patator,FTPPATATOR,4,358287
84,8521,28,2166,8521,11,860,8521,17,1306,60,77.35714285714286,12.687743533774473,100,66,78.18181818181817,9.325429553840207,93,60,76.82352941176471,14.714938388070331,100,0,315.5925925925926,891.2206952463165,3036,0,852.1,1366.1711662729367,3079,0,532.5625,1119.6007007708895,3036,2,0,0,0,25,14,2,2,1,0,0,0,10,7,0,1,1,0,0,0,15,7,2,1,19.704060495238032,0,0,350,350,8751,9379,701,731,701,663,4900,5202,700,730,1,0,0,0,0,9107.457142857143,8633.102857142858,0,0,0,0,350,4229,10407,3851,9802,FTP-Patator,FTPPATATOR,4,358383
85,9672,28,2174,9672,11,868,9672,17,1306,60,77.64285714285714,12.982079630567345,100,66,78.9090909090909,10.280608400815051,95,60,76.82352941176471,14.714938388070331,100,0,358.2222222222222,1013.864895161592,3422,0,967.2,1552.5211610653027,3468,0,604.5,1273.950548490796,3422,2,0,0,0,25,14,2,2,1,0,0,0,10,7,0,1,1,0,0,0,15,7,2,1,20.17217555611359,0,0,350,350,8751,9516,701,739,701,655,4900,5272,700,738,1,0,0,0,0,9026.597142857145,8445.568571428572,0,0,0,0,350,4314,10540,3851,9802,FTP-Patator,FTPPATATOR,4,358472
86,170,14,12864,170,8,865,158,6,11999,60,918.857142857143,1667.0760149316643,4410,60,108.125,123.2795168943904,413,66,1999.8333333333333,2179.5924771999616,4410,0,13.076923076923077,37.499914529817126,137,0,24.28571428571429,55.16253041607828,149,0,31.6,59.16333323943133,137,2,0,0,0,10,2,3,2,1,0,0,0,4,1,3,1,1,0,0,0,6,1,0,1,2121.5933281380767,0,0,350,350,4139,4139,516,516,695,695,760,760,749,749,2,0,0,350,350,339.37142857142857,339.37142857142857,0,0,0,0,350,2803,5021,2803,5021,DoS GoldenEye,DOS,3,364663
87,178,14,12872,178,7,807,164,7,12065,60,919.4285714285716,1666.7923461771495,5858,60,115.28571428571428,132.2456228459179,415,66,1723.571428571429,2119.6927337975867,5858,0,13.692307692307692,37.49085358542937,137,0,29.666666666666664,59.3048620828568,150,0,27.33333333333333,54.13193758463359,137,2,0,0,0,11,2,2,2,1,0,0,0,4,1,2,1,1,0,0,0,7,1,0,1,2843.679819646837,0,0,350,350,4101,4101,487,487,633,633,737,737,748,748,2,0,0,350,350,318.1457142857143,318.1457142857143,0,0,0,0,350,2735,4914,2735,4914,DoS Hulk,DOS,3,369932
88,0,2,120,0,1,60,0,1,60,60,60.0,0.0,60,60,60.0,0.0,60,60,60.0,0.0,60,0,0.0,0.0,0,0,0.0,0.0,0,0,0.0,0.0,0,1,0,0,0,1,0,1,0,1,0,0,0,0,0,0,0,0,0,0,0,1,0,1,0,0.0,0,0,350,350,349,349,0,0,349,349,0,0,355,355,350,0,0,3,3,0.0714285714285714,0.0714285714285714,1,1,0,0,12,355,704,355,704,PortScan,PORTSCAN,6,376161
89,0,2,120,0,1,60,0,1,60,60,60.0,0.0,60,60,60.0,0.0,60,60,60.0,0.0,60,0,0.0,0.0,0,0,0.0,0.0,0,0,0.0,0.0,0,1,0,0,0,1,0,1,0,1,0,0,0,0,0,0,0,0,0,0,0,1,0,1,0,0.0,0,0,350,350,350,350,0,0,350,350,0,0,350,350,350,0,0,0,0,0.0571428571428571,0.0571428571428571,0,0,0,0,0,350,700,350,700,PortScan,PORTSCAN,6,377734
90,0,2,120,0,1,60,0,1,60,60,60.0,0.0,60,60,60.0,0.0,60,60,60.0,0.0,60,0,0.0,0.0,0,0,0.0,0.0,0,0,0.0,0.0,0,1,0,0,0,1,0,1,0,1,0,0,0,0,0,0,0,0,0,0,0,1,0,1,0,0.0,0,0,350,350,349,349,0,0,349,349,0,0,350,350,350,0,0,0,0,0.0457142857142857,0.0457142857142857,0,0,0,0,0,350,699,350,699,PortScan,PORTSCAN,6,379478
