sample_id,true_label,predicted_label,confidence,is_correct,dominant_agent,dominant_contribution_pct,party1_contrib_pct,party2_contrib_pct,party3_contrib_pct
0,BOT,BENIGN,0.9740418195724488,False,Access / ISP,0.6928488986780393,0.6928488986780393,0.2812208443599128,0.0259302569620477
1,BOT,BENIGN,0.967769980430603,False,Access / ISP,0.6698162570115862,0.6698162570115862,0.0757605446799548,0.254423198308459
2,DOS,DOS,0.939597487449646,True,Access / ISP,0.8512526412364396,0.8512526412364396,0.0386399323859209,0.1101074263776394
3,DOS,DOS,0.9988176226615906,True,Access / ISP,0.4520966674957396,0.4520966674957396,0.3420691927980717,0.2058341397061885
4,DOS,DOS,0.9992917776107788,True,Endpoint / EDR,0.4789060934753871,0.3303897539995537,0.1907041525250591,0.4789060934753871
5,DOS,DOS,0.9830045700073242,True,Perimeter / IDS,0.5133771021304343,0.4616160672007753,0.5133771021304343,0.0250068306687903
6,BENIGN,BENIGN,0.5892950296401978,True,Perimeter / IDS,0.5896948847515008,0.3256807345505629,0.5896948847515008,0.0846243806979363
7,BENIGN,BENIGN,0.990871012210846,True,Perimeter / IDS,0.400422858842677,0.3754296381026034,0.400422858842677,0.2241475030547195
8,OTHERS,BENIGN,0.8483512997627258,False,Access / ISP,0.5899013154863552,0.5899013154863552,0.102835527641658,0.3072631568719868
9,OTHERS,BENIGN,0.8079503178596497,False,Access / ISP,0.631182963575378,0.631182963575378,0.216272105801736,0.1525449306228859
10,SSHPATATOR,SSHPATATOR,0.8946065902709961,True,Access / ISP,0.6409849691063183,0.6409849691063183,0.2745392527630415,0.0844757781306402
11,SSHPATATOR,SSHPATATOR,0.8974171876907349,True,Access / ISP,0.5000000000000743,0.5000000000000743,0.4999999999999175,8.248390060314256e-15
12,SSHPATATOR,SSHPATATOR,0.8973584175109863,True,Access / ISP,0.7050399136626633,0.7050399136626633,0.1457422527671606,0.1492178335701762
13,SSHPATATOR,SSHPATATOR,0.8972185850143433,True,Access / ISP,0.5882669191184957,0.5882669191184957,0.27385778479399,0.1378752960875143
14,SSHPATATOR,SSHPATATOR,0.8946102261543274,True,Access / ISP,0.8234308944601345,0.8234308944601345,0.1434858163613966,0.0330832891784689
15,SSHPATATOR,DDOS,0.413909763097763,False,Access / ISP,0.5951692186771864,0.5951692186771864,0.3151082129817973,0.0897225683410162
16,BENIGN,BENIGN,0.9780896306037904,True,Access / ISP,0.9677847968031006,0.9677847968031006,0.0115365829323401,0.0206786202645594
17,BENIGN,BENIGN,0.9984342455863952,True,Access / ISP,0.6178820780035724,0.6178820780035724,0.3038334187936966,0.0782845032027308
18,FTPPATATOR,FTPPATATOR,0.7426251173019409,True,Access / ISP,0.5882069137030874,0.5882069137030874,0.1900147753349982,0.2217783109619142
19,FTPPATATOR,FTPPATATOR,0.7373988032341003,True,Access / ISP,0.7246527493268767,0.7246527493268767,0.1049269884653166,0.1704202622078066
20,FTPPATATOR,FTPPATATOR,0.7407228946685791,True,Access / ISP,0.633877012722211,0.633877012722211,0.1864901784139244,0.1796328088638646
21,FTPPATATOR,FTPPATATOR,0.7425283193588257,True,Access / ISP,0.9553861244422028,0.9553861244422028,0.0239247041097348,0.0206891714480624
22,FTPPATATOR,FTPPATATOR,0.7405518889427185,True,Perimeter / IDS,0.4539501897526586,0.4510910178750644,0.4539501897526586,0.0949587923722769
23,FTPPATATOR,FTPPATATOR,0.7410568594932556,True,Access / ISP,0.8058734101843948,0.8058734101843948,0.1346560743041892,0.0594705155114159
24,FTPPATATOR,FTPPATATOR,0.735696017742157,True,Access / ISP,0.4006673844134154,0.4006673844134154,0.2384621549528374,0.3608704606337472
25,BENIGN,BENIGN,0.8893616199493408,True,Access / ISP,0.999999999999988,0.999999999999988,6.895013251521899e-15,5.046176772954727e-15
26,WEBATTACK,DOS,0.6798558235168457,False,Access / ISP,0.7210322632263728,0.7210322632263728,0.1347957601256749,0.1441719766479522
27,WEBATTACK,BENIGN,0.8715673089027405,False,Access / ISP,0.5240828868425046,0.5240828868425046,0.2266215192040196,0.2492955939534756
28,WEBATTACK,DOS,0.449237585067749,False,Access / ISP,0.6565739484668592,0.6565739484668592,0.2632007141987694,0.0802253373343713
29,WEBATTACK,DOS,0.5939677357673645,False,Access / ISP,0.4556415411285084,0.4556415411285084,0.3486438815772402,0.1957145772942514
30,WEBATTACK,DOS,0.7216163277626038,False,Access / ISP,0.7767166400776367,0.7767166400776367,0.0882470101113146,0.1350363498110486
31,PORTSCAN,PORTSCAN,0.9851391911506652,True,Access / ISP,0.5033428367566384,0.5033428367566384,0.2257372383652205,0.2709199248781411
32,BENIGN,BENIGN,0.9983370304107666,True,Access / ISP,0.8007062001125328,0.8007062001125328,0.1095279436043284,0.0897658562831388
33,BOT,BENIGN,0.4674828052520752,False,Access / ISP,0.4698975077183494,0.4698975077183494,0.3360444329630231,0.1940580593186273
34,DDOS,DDOS,0.9999991655349731,True,Perimeter / IDS,0.9999999999998936,9.722197378500317e-14,0.9999999999998936,9.23510540985749e-15
35,DDOS,DDOS,1.0,True,Access / ISP,0.7169059583122769,0.7169059583122769,0.149145414629248,0.1339486270584751
36,DDOS,DDOS,0.9999994039535522,True,Access / ISP,0.5000000000000002,0.5000000000000002,0.2499999999999999,0.2499999999999998
37,DDOS,DDOS,0.9999988079071044,True,Access / ISP,0.8916179327931065,0.8916179327931065,0.0571623107277997,0.0512197564790937
38,DDOS,DDOS,0.9999983310699464,True,Access / ISP,0.7605387147839823,0.7605387147839823,0.1168172810405638,0.1226440041754538
39,DOS,DOS,0.9994783997535706,True,Perimeter / IDS,0.68746590438053,0.2761432437770153,0.68746590438053,0.0363908518424546
40,BOT,BENIGN,0.7757685780525208,False,Access / ISP,0.737885089847809,0.737885089847809,0.0151714762749363,0.2469434338772546
41,BOT,BENIGN,0.7157195806503296,False,Access / ISP,0.489049467183122,0.489049467183122,0.4110965488348336,0.0998539839820444
42,BOT,BENIGN,0.7506164312362671,False,Perimeter / IDS,0.4412118015584574,0.4404793451436006,0.4412118015584574,0.1183088532979418
43,BOT,BENIGN,0.5210094451904297,False,Perimeter / IDS,0.406727103879979,0.3170803980003756,0.406727103879979,0.2761924981196454
44,BOT,BENIGN,0.6850213408470154,False,Access / ISP,0.5030544848485631,0.5030544848485631,0.2320662580837994,0.2648792570676374
45,BOT,BENIGN,0.6725373268127441,False,Endpoint / EDR,0.4871974187069102,0.1975537077056529,0.3152488735874368,0.4871974187069102
46,BOT,BENIGN,0.6811373829841614,False,Access / ISP,0.4433054669800095,0.4433054669800095,0.3578312587248392,0.1988632742951512
47,OTHERS,BENIGN,0.7188125848770142,False,Access / ISP,0.4318138295951695,0.4318138295951695,0.2116793390535584,0.3565068313512721
48,OTHERS,BENIGN,0.9720191359519958,False,Perimeter / IDS,0.4999999999999926,1.499667784737981e-14,0.4999999999999926,0.4999999999999924
49,OTHERS,BENIGN,0.7896872758865356,False,Access / ISP,0.5314496232933754,0.5314496232933754,0.3056805313993859,0.1628698453072387
50,DDOS,DDOS,0.9998331069946288,True,Access / ISP,0.968971001673194,0.968971001673194,0.0103710045481745,0.0206579937786314
51,DDOS,DDOS,0.9999499320983888,True,Access / ISP,0.7090395013912271,0.7090395013912271,0.2829589638944754,0.0080015347142975
52,DDOS,DDOS,0.999998927116394,True,Endpoint / EDR,0.6712070437804043,0.0733596523379322,0.2554333038816636,0.6712070437804043
53,BENIGN,BENIGN,0.9988149404525756,True,Access / ISP,0.9557718510548748,0.9557718510548748,0.038361958961194,0.0058661899839312
54,DOS,DOS,0.999788463115692,True,Access / ISP,0.7059273519925673,0.7059273519925673,0.18708827986459,0.1069843681428427
55,BENIGN,BENIGN,0.9985796213150024,True,Access / ISP,0.5000000000000789,0.5000000000000789,1.7470353052863787e-14,0.4999999999999035
56,DDOS,DDOS,0.999119222164154,True,Access / ISP,0.9438457140462232,0.9438457140462232,0.0302037312760166,0.0259505546777602
57,DDOS,DDOS,0.9973236322402954,True,Access / ISP,0.8798441046463111,0.8798441046463111,0.0349592775985923,0.0851966177550966
58,PORTSCAN,PORTSCAN,0.9856802225112916,True,Access / ISP,0.9495175732009674,0.9495175732009674,0.0245200395552242,0.0259623872438083
59,PORTSCAN,PORTSCAN,0.9851012229919434,True,Perimeter / IDS,0.5599806914381343,0.3788217397929549,0.5599806914381343,0.0611975687689106
60,PORTSCAN,PORTSCAN,0.9856677055358888,True,Access / ISP,0.9999999999935236,0.9999999999935236,6.036230420020676e-12,4.402464184861753e-13
61,OTHERS,BENIGN,0.99869966506958,False,Access / ISP,0.7909546475130484,0.7909546475130484,0.1304084709934883,0.0786368814934632
62,OTHERS,BENIGN,0.948058784008026,False,Access / ISP,0.3723987634870233,0.3723987634870233,0.2566199798214701,0.3709812566915065
63,OTHERS,BENIGN,0.9957376718521118,False,Perimeter / IDS,0.4990201929739564,0.4786223964403794,0.4990201929739564,0.0223574105856641
64,OTHERS,BENIGN,0.8992791175842285,False,Access / ISP,0.6554667222957817,0.6554667222957817,0.2854940107925345,0.0590392669116837
65,OTHERS,BENIGN,0.9865975975990297,False,Perimeter / IDS,0.7499999999999978,3.036488623008254e-15,0.7499999999999978,0.2499999999999993
66,BENIGN,BENIGN,0.9887861013412476,True,Access / ISP,0.6450208296472698,0.6450208296472698,0.1954287420637717,0.1595504282889583
67,WEBATTACK,BENIGN,0.5847824215888977,False,Access / ISP,0.5163648219587438,0.5163648219587438,0.1308020366202229,0.3528331414210333
68,WEBATTACK,DOS,0.6611226201057434,False,Perimeter / IDS,0.5825781317044909,0.3643270586517616,0.5825781317044909,0.0530948096437473
69,WEBATTACK,DOS,0.6542583703994751,False,Access / ISP,0.5669987370449335,0.5669987370449335,0.3249426497504999,0.1080586132045664
70,WEBATTACK,DOS,0.6614734530448914,False,Access / ISP,0.6110478635671581,0.6110478635671581,0.3261014651600879,0.0628506712727539
71,WEBATTACK,DOS,0.6453809142112732,False,Access / ISP,0.4410533709377195,0.4410533709377195,0.4118194109261484,0.147127218136132
72,PORTSCAN,PORTSCAN,0.985426902770996,True,Perimeter / IDS,0.5166520661220908,0.4473599901521441,0.5166520661220908,0.035987943725765
73,PORTSCAN,PORTSCAN,0.9856677055358888,True,Access / ISP,0.7653511660283191,0.7653511660283191,0.1797544749521931,0.0548943590194878
74,PORTSCAN,PORTSCAN,0.9854395985603333,True,Access / ISP,0.6484227758331751,0.6484227758331751,0.2316407771110682,0.1199364470557566
75,DOS,SSHPATATOR,0.3910801112651825,False,Access / ISP,0.3523008273255711,0.3523008273255711,0.3229288593161291,0.3247703133582998
76,DOS,DOS,0.9992013573646544,True,Access / ISP,0.7961819191379975,0.7961819191379975,0.1467144765713676,0.0571036042906348
77,SSHPATATOR,SSHPATATOR,0.7894915342330933,True,Access / ISP,0.7656154934086271,0.7656154934086271,0.1613558352732498,0.0730286713181229
78,SSHPATATOR,SSHPATATOR,0.8530834317207336,True,Access / ISP,0.5000000000001276,0.5000000000001276,0.4999999999998561,1.6238688971347308e-14
79,SSHPATATOR,SSHPATATOR,0.9002545475959778,True,Perimeter / IDS,0.5000000000000023,0.4999999999999898,0.5000000000000023,7.88543064230639e-15
80,SSHPATATOR,SSHPATATOR,0.9010719060897828,True,Access / ISP,0.9565778017612816,0.9565778017612816,0.0360686046401951,0.0073535935985233
81,BENIGN,BENIGN,0.9899077415466307,True,Access / ISP,0.4473623031838682,0.4473623031838682,0.1666396252926891,0.3859980715234426
82,FTPPATATOR,FTPPATATOR,0.7361471056938171,True,Perimeter / IDS,0.5570030460506512,0.3616123134213854,0.5570030460506512,0.0813846405279634
83,FTPPATATOR,FTPPATATOR,0.7350499033927917,True,Access / ISP,0.8068510363936655,0.8068510363936655,0.0726643405389638,0.1204846230673706
84,FTPPATATOR,FTPPATATOR,0.739324688911438,True,Access / ISP,0.5072033672517963,0.5072033672517963,0.4040997823783895,0.0886968503698142
85,DOS,DOS,0.9996752738952636,True,Access / ISP,0.7499448960623355,0.7499448960623355,0.2322865657805491,0.0177685381571153
86,DOS,DOS,0.999546468257904,True,Access / ISP,0.4963652032991371,0.4963652032991371,0.3687018787395925,0.1349329179612704
87,PORTSCAN,PORTSCAN,0.9854173064231871,True,Access / ISP,0.8381559102058513,0.8381559102058513,0.0663251300281656,0.095518959765983
88,PORTSCAN,PORTSCAN,0.9856802225112916,True,Access / ISP,0.8416368235777631,0.8416368235777631,0.1464546571528682,0.0119085192693686
89,PORTSCAN,PORTSCAN,0.9856584668159484,True,Access / ISP,0.4713784138869127,0.4713784138869127,0.2964022025945865,0.2322193835185007
